folder_name,noise_level,nlm_h,nlm_tws,nlm_sws,gb_kernel,clahe_cl,clahe_tgs,thresh_bs,thresh_c,morphx_kernel,kernel_open,kernel_close
PL,6.985424958436194,7,29,42,"(3,3)",2.2,"(20,20)",33,9.1,"(2,2)","(2,2)","(5,5)"
PL,7.943039951634843,5,29,42,"(3,3)",2.2,"(20,20)",33,9.1,"(2,2)","(2,2)","(5,5)"
PL,25.35782086161021,5,29,42,"(3,3)",2.2,"(20,20)",33,9.1,"(2,2)","(2,2)","(5,5)"
PL,30.210073504844637,5,29,42,"(3,3)",2.2,"(20,20)",33,9.1,"(2,2)","(2,2)","(5,5)"
PL,33.5369372605364,7,29,42,"(3,3)",2.2,"(20,20)",33,9.1,"(2,2)","(2,2)","(5,5)"
PL,33.71251182592242,7,29,42,"(3,3)",2.2,"(20,20)",43,11.9,"(2,2)","(2,2)","(5,5)"
PL,35.1704890483117,10,25,42,"(3,3)",2.5,"(20,20)",33,9.1,"(2,2)","(2,2)","(6,6)"
PL,39.063061434334074,7,30,42,"(3,3)",2.2,"(20,20)",33,9.1,"(2,2)","(2,2)","(6,5)"
HR,25.77231279358939,5,29,42,"(3,3)",2.2,"(20,20)",33,9.1,"(2,2)","(2,2)","(5,5)"
HR,32.444198653185495,10,29,43,"(3,3)",2.3,"(20,20)",33,9.1,"(2,2)","(2,2)","(5,5)"
HR,33.38063607085346,7,29,42,"(3,3)",2.2,"(20,20)",33,9.1,"(2,2)","(2,2)","(5,5)"
HR,34.41084959816303,7,29,42,"(3,3)",2.2,"(20,20)",33,9.1,"(2,2)","(2,2)","(5,5)"
HR,34.689350597209675,7,29,42,"(3,3)",2.2,"(20,20)",33,9.1,"(2,2)","(2,2)","(5,5)"
HR,35.751185395922235,7,29,42,"(3,3)",2.2,"(20,20)",33,9.1,"(2,2)","(2,2)","(5,5)"
HR,36.03408540523087,14,30,44,"(3,3)",2,"(20,20)",33,9.1,"(2,2)","(2,2)","(5,5)"
HR,36.43765854895992,7,29,42,"(3,3)",2.2,"(20,20)",33,9.1,"(2,2)","(2,2)","(5,5)"
HR,36.76650256849315,15,30,44,"(3,3)",2,"(20,20)",33,9.1,"(2,2)","(2,2)","(5,5)"
HR,41.7060248065194,7,29,42,"(3,3)",2.2,"(20,20)",33,9.1,"(2,2)","(2,2)","(5,5)"
MD,36.265324939952414,9,29,42,"(3,3)",2.2,"(20,20)",33,9.1,"(2,2)","(2,2)","(5,5)"
MD,37.54488725990535,9,29,43,"(3,3)",2.1,"(20,20)",33,9.1,"(2,2)","(2,2)","(5,5)"
MD,38.17163120567376,18,20,42,"(3,3)",1,"(20,20)",33,9.1,"(2,2)","(2,2)","(5,5)"
MD,38.86193493666804,7,29,42,"(3,3)",2.2,"(20,20)",33,9.1,"(2,2)","(2,2)","(5,5)"
MD,39.6308216584627,9,29,42,"(3,3)",2.2,"(20,20)",33,9.1,"(2,2)","(2,2)","(5,5)"
HU,29.417988673867388,11,30,42,"(3,3)",2.2,"(20,20)",33,9.1,"(2,2)","(2,2)","(6,6)"
HU,31.428166351606805,18,20,42,"(3,3)",1,"(20,20)",33,9.1,"(2,2)","(2,2)","(5,5)"
HU,32.927469535908735,7,29,42,"(3,3)",2.3,"(20,20)",33,9.1,"(2,2)","(2,2)","(5,5)"
HU,33.842695599822,9,29,42,"(3,3)",2.2,"(20,20)",33,9.1,"(2,2)","(2,2)","(5,5)"
HU,35.00554232211505,7,29,42,"(3,3)",2.2,"(20,20)",33,12.1,"(2,2)","(2,2)","(7,7)"
AT,43.74709719854491,19,29,42,"(3,3)",1.5,"(20,20)",33,20.1,"(2,2)","(2,2)","(5,5)"
AT,46.38573857385739,15,19,99,"(3,3)",1,"(3,3)",25,17,"(2,2)","(2,2)","(5,5)"
AT,47.389456469068,20,29,42,"(3,3)",1.0,"(20,20)",33,20.1,"(2,2)","(2,2)","(5,5)"
AT,49.70864460005071,17,19,55,"(3,3)",1,"(15,15)",25,19,"(2,2)","(2,2)","(5,5)"
AT,52.40688446872102,23,29,42,"(3,3)",1.0,"(20,20)",33,20.1,"(2,2)","(2,2)","(5,5)"
AT,53.368469569394215,19,29,42,"(3,3)",4,"(20,20)",33,23,"(3,3)","(2,2)","(7,7)"
RO,15.754526745173317,14,19,26,"(3,3)",2.4,"(24,24)",11,4.9,"(3,3)","(2,2)","(5,6)"
RO,33.36215556012145,7,29,42,"(3,3)",2.2,"(20,20)",33,9.1,"(2,2)","(2,2)","(5,5)"
RO,33.665987515735104,11,30,42,"(3,3)",2.2,"(20,20)",33,9.1,"(2,2)","(2,2)","(5,5)"
RO,35.036940176528276,12,29,42,"(3,3)",2.2,"(20,20)",43,11.9,"(2,2)","(2,2)","(5,5)"
RO,40.14930375367584,7,29,42,"(3,3)",2.2,"(20,20)",33,9.1,"(2,2)","(2,2)","(5,5)"
SI,26.48271875380309,7,29,42,"(3,3)",2.2,"(20,20)",33,9.1,"(2,2)","(2,2)","(5,5)"
SI,26.715517727298348,7,29,42,"(3,3)",2.2,"(20,20)",33,9.1,"(2,2)","(2,2)","(5,5)"
SI,33.361481963593526,10,29,42,"(3,3)",2.2,"(25,25)",35,9.2,"(2,2)","(2,2)","(5,5)"
SI,34.82636885162429,12,31,42,"(3,3)",2.2,"(20,20)",33,9.1,"(2,2)","(2,2)","(5,5)"
SI,37.46499831405492,7,29,42,"(3,3)",2.2,"(25,25)",35,9.2,"(2,2)","(2,2)","(5,5)"
AT,51.343919366148725,25,29,42,"(3,3)",2.1,"(27,27)",27,9.1,"(2,2)","(2,2)","(5,5)"
AT,57.56028569408104,24,19,55,"(3,3)",1,"(3,3)",43,21,"(2,2)","(2,2)","(5,5)"
AT,48.04559793518784,22,29,42,"(3,3)",1.1,"(20,20)",19,9.1,"(2,2)","(2,2)","(5,5)"
AT,54.18924570575056,28,9,42,"(3,3)",1.7,"(20,20)",33,19.9,"(3,3)","(2,2)","(7,7)"
AT,51.343919366148725,24,9,42,"(3,3)",1.7,"(20,20)",33,16.9,"(3,3)","(2,2)","(7,7)"
AT,48.30483907354489,17,19,55,"(3,3)",1,"(15,15)",29,20,"(2,2)","(2,2)","(5,5)"
AT,53.52943792244753,27,19,42,"(3,3)",5,"(21,20)",37,23,"(3,3)","(2,2)","(7,7)"
PL,32.56239207018029,17,29,42,"(3,3)",2.2,"(20,20)",43,11.9,"(2,2)","(2,2)","(5,5)"
PL,38.468549638297475,23,29,42,"(3,3)",2.5,"(20,20)",43,11.9,"(2,2)","(2,2)","(5,5)"
AT,56.10519335547243,24,19,55,"(3,3)",1,"(3,3)",43,21,"(2,2)","(2,2)","(5,5)"
AT,52.40688446872102,23,29,42,"(3,3)",1.0,"(20,19)",33,20.1,"(2,2)","(2,2)","(5,5)"
PL,31.648324289818067,17,29,42,"(3,3)",2.1,"(20,20)",43,11.9,"(3,3)","(2,2)","(5,5)"
MD,37.9057914192898,10,30,43,"(3,3)",2.1,"(20,20)",33,9.1,"(2,2)","(2,2)","(5,5)"
MD,38.17456915030438,10,30,43,"(3,3)",2.1,"(20,20)",33,9.1,"(2,2)","(2,2)","(5,5)"
AT,49.66297836772871,17,19,55,"(3,3)",1.7,"(15,15)",29,19,"(2,2)","(2,2)","(5,5)"
MD,38.90490808495449,17,30,43,"(3,3)",2.1,"(20,20)",33,9.1,"(2,2)","(2,2)","(5,5)"
HR,37.05597659885653,10,30,44,"(3,3)",2,"(20,20)",33,9.9,"(2,2)","(2,2)","(5,5)"
HR,34.13310735002745,9,29,42,"(3,3)",2.2,"(20,20)",35,11.1,"(2,2)","(2,2)","(5,5)"
HU,28.604020052058228,15,30,42,"(3,3)",2.2,"(30,30)",33,9.1,"(2,2)","(2,2)","(7,7)"
HR,35.64218390305347,10,30,44,"(3,3)",2,"(20,20)",33,9.9,"(2,2)","(2,2)","(5,5)"
HU,33.58410742205463,16,30,42,"(3,3)",2.1,"(20,20)",33,9.1,"(2,2)","(2,2)","(7,7)"
HR,28.558932496075354,14,29,42,"(3,3)",2.2,"(20,20)",33,9.1,"(2,2)","(2,2)","(5,5)"
HR,36.87967883826315,11,30,44,"(3,3)",2,"(20,20)",33,9.1,"(2,2)","(2,2)","(5,5)"
HR,35.719156190070315,17,29,42,"(3,3)",2.2,"(20,20)",33,9.3,"(2,2)","(2,2)","(5,5)"
HU,35.469769906316586,22,30,42,"(3,3)",2.1,"(15,15)",35,9.3,"(2,2)","(2,2)","(7,7)"
HU,33.4446074834923,21,30,40,"(3,3)",2,"(20,20)",35,9.1,"(2,2)","(2,2)","(7,7)"
HU,31.57549688893367,11,30,42,"(3,3)",2.2,"(20,20)",33,9.1,"(2,2)","(2,2)","(6,6)"
HR,34.07271892785019,13,30,42,"(3,3)",2.1,"(20,20)",33,9.1,"(2,2)","(2,2)","(6,6)"
HR,39.21058994197292,9,30,44,"(3,3)",2,"(20,20)",45,7.1,"(2,2)","(2,2)","(6,6)"
AT,49.674042527845614,24,19,55,"(3,3)",1.8,"(15,15)",53,19,"(2,2)","(2,2)","(5,5)"
AT,57.56028569408104,27,19,42,"(3,3)",1.1,"(20,20)",33,23,"(3,3)","(2,2)","(9,9)"
AT,49.674042527845614,21,19,55,"(3,3)",1,"(15,15)",39,19,"(2,2)","(2,2)","(5,5)"
AT,48.06844888366628,20,29,42,"(3,3)",1.0,"(20,20)",33,20.1,"(2,2)","(2,2)","(5,5)"
HR,35.64105221203667,18,29,42,"(3,3)",2.1,"(20,20)",33,9.1,"(2,2)","(2,2)","(5,5)"
HR,27.706517103921385,16,29,42,"(3,3)",2.1,"(20,20)",33,9.1,"(2,2)","(2,2)","(5,5)"
AT,48.712645025196295,25,29,42,"(3,3)",2.3,"(20,20)",37,20.1,"(2,2)","(2,2)","(5,5)"
HR,25.153691004437274,7,30,42,"(3,3)",2.2,"(25,25)",33,9.1,"(2,2)","(3,3)","(5,5)"
AT,48.01906171387947,21,19,55,"(3,3)",1,"(15,15)",33,19,"(2,2)","(2,2)","(5,5)"
AT,50.136029374162604,20,19,55,"(3,3)",1,"(15,15)",33,17.5,"(2,2)","(2,2)","(5,5)"
AT,48.01906171387947,19,19,55,"(3,3)",1,"(15,15)",35,19,"(2,2)","(2,2)","(5,5)"
AT,49.177780423910455,21,19,55,"(3,3)",1,"(15,15)",35,19,"(2,2)","(2,2)","(5,5)"
AT,49.688713943301096,21,19,55,"(3,3)",1,"(15,15)",35,19,"(2,2)","(2,2)","(5,5)"
AT,50.952283277555864,23,29,42,"(3,3)",1.0,"(20,20)",35,20.1,"(2,2)","(2,2)","(5,5)"
AT,46.0549224105303,15,19,99,"(3,3)",1,"(3,3)",41,17,"(2,2)","(2,2)","(5,5)"
AT,48.93559766000175,20,19,55,"(3,3)",1,"(15,15)",35,19,"(2,2)","(2,2)","(5,5)"
AT,51.745709412642576,19,29,42,"(3,3)",1.0,"(20,20)",35,22.1,"(2,2)","(2,2)","(5,5)"
AT,51.343919366148725,23,29,42,"(3,3)",1.0,"(20,20)",33,19,"(2,2)","(2,2)","(5,5)"
AT,49.12145935630508,17,19,55,"(3,3)",1,"(15,15)",37,19,"(2,2)","(2,2)","(5,5)"
AT,46.00136680087798,15,19,99,"(3,3)",1,"(3,3)",41,17,"(2,2)","(2,2)","(5,5)"
AT,46.76819284168037,16,19,99,"(3,3)",1,"(3,3)",41,25,"(2,2)","(2,2)","(5,5)"
HR,37.05597659885653,12,30,44,"(3,3)",2.6,"(20,20)",35,9,"(2,2)","(2,2)","(5,5)"
HR,27.396416434970654,15,29,42,"(3,3)",2.2,"(20,20)",33,11.1,"(2,2)","(2,2)","(5,5)"
HR,35.11723019426718,10,29,42,"(3,3)",2.2,"(20,20)",45,13.1,"(2,2)","(2,2)","(5,5)"
HR,34.13310735002745,11,29,42,"(3,3)",2.2,"(20,20)",45,13.1,"(2,2)","(2,2)","(5,5)"
HR,34.55362601902174,11,29,42,"(3,3)",2.2,"(20,20)",45,13.1,"(2,2)","(2,2)","(5,5)"
HR,28.160187667560322,15,29,42,"(3,3)",2.2,"(20,20)",45,11.1,"(2,2)","(2,2)","(5,5)"
HR,26.62402972273674,15,29,42,"(3,3)",2.2,"(20,20)",39,11.1,"(2,2)","(2,2)","(5,5)"
HR,35.69139454094293,15,29,42,"(3,3)",2.4,"(20,20)",33,9.1,"(2,2)","(2,2)","(5,5)"
HR,36.59515717926933,15,29,42,"(3,3)",2.2,"(20,20)",33,9.1,"(2,2)","(2,2)","(5,5)"
HR,26.119864379736736,15,29,42,"(3,3)",2.2,"(20,20)",39,11.1,"(2,2)","(2,2)","(5,5)"
HR,37.19831730769231,5,30,44,"(3,3)",2,"(20,20)",33,9.1,"(2,2)","(2,2)","(5,5)"
HR,28.60800904357358,13,29,42,"(3,3)",2.2,"(20,20)",45,11.1,"(2,2)","(2,2)","(5,5)"
HR,26.06374326082915,15,29,42,"(3,3)",2.2,"(20,20)",39,11.1,"(2,2)","(2,2)","(5,5)"
HR,25.842435795930605,16,29,42,"(3,3)",2.2,"(20,20)",59,13.1,"(2,2)","(2,2)","(5,5)"
HR,25.24661762774202,13,29,42,"(3,3)",2.2,"(20,20)",59,11.1,"(2,2)","(2,2)","(5,5)"
HR,33.90123654194649,9,29,42,"(3,3)",2.2,"(20,20)",33,9.1,"(2,2)","(2,2)","(5,5)"
PL,34.01641672347194,7,26,43,"(3,3)",2.9,"(20,20)",45,11.9,"(2,2)","(2,2)","(6,6)"
PL,30.118327930999676,15,26,43,"(3,3)",2.9,"(20,20)",45,11.9,"(2,2)","(2,2)","(6,6)"
PL,27.876901332615425,16,26,43,"(3,3)",2.9,"(20,20)",45,11.9,"(2,2)","(2,2)","(6,6)"
PL,25.086709387784655,16,26,43,"(3,3)",2.9,"(20,20)",45,11.9,"(2,2)","(2,2)","(6,6)"
PL,26.398990805113254,15,26,43,"(3,3)",2.9,"(20,20)",45,11.9,"(2,2)","(2,2)","(6,6)"
PL,26.210778696601004,15,26,43,"(3,3)",2.9,"(20,20)",45,11.9,"(2,2)","(2,2)","(6,6)"
PL,27.567952224144666,15,26,43,"(3,3)",2.9,"(20,20)",45,11.9,"(2,2)","(2,2)","(6,6)"
PL,24.963961569430655,10,26,43,"(3,3)",2.9,"(20,20)",45,11.9,"(2,2)","(2,2)","(6,6)"
PL,27.541636947218258,11,27,43,"(3,3)",2.9,"(20,20)",45,11.9,"(2,2)","(2,2)","(6,6)"
PL,23.555093074343855,8,27,43,"(3,3)",2.9,"(20,20)",43,11.9,"(2,2)","(2,2)","(6,6)"
PL,26.949174697864553,8,27,43,"(3,3)",2.9,"(20,20)",43,11.9,"(2,2)","(2,2)","(6,6)"
PL,25.921619293712318,17,27,43,"(3,3)",2.9,"(20,20)",43,11.9,"(2,2)","(2,2)","(6,6)"
PL,27.58882714243931,20,27,43,"(3,3)",2.8,"(20,20)",43,11.9,"(2,2)","(2,2)","(6,6)"
SI,37.025006298815825,15,29,42,"(3,3)",2.9,"(25,25)",79,17.2,"(2,2)","(2,2)","(5,5)"
PL,31.31770873124548,22,29,43,"(3,3)",2.2,"(20,20)",43,11.9,"(2,2)","(2,2)","(5,5)"
SI,35.307033080821846,15,29,42,"(3,3)",2.9,"(25,25)",79,17.2,"(2,2)","(2,2)","(5,5)"
PL,33.30279011094888,15,29,43,"(3,3)",2.2,"(20,20)",43,11.9,"(2,2)","(2,2)","(5,5)"
PL,31.22915085482844,19,29,43,"(3,3)",2.2,"(20,20)",43,11.9,"(2,2)","(2,2)","(5,5)"
SI,37.457535809354795,13,29,42,"(3,3)",2.9,"(25,25)",63,13.2,"(2,2)","(2,2)","(5,5)"
PL,30.210073504844637,16,30,42,"(3,3)",2.2,"(20,20)",43,9.8,"(2,2)","(3,3)","(5,5)"
SI,",29.35402378520356",13,29,42,"(3,3)",2.2,"(25,25)",61,13.2,"(2,2)","(2,2)","(5,5)"
SI,30.10766278576305,12,29,42,"(3,3)",2.2,"(25,25)",81,13.2,"(2,2)","(2,2)","(5,5)"
SI,32.21557952579627,12,29,42,"(3,3)",2.2,"(25,25)",81,9.2,"(2,2)","(2,2)","(5,5)"
SI,24.84435408195183,12,29,42,"(3,3)",2.2,"(25,25)",81,9.2,"(2,2)","(2,2)","(5,5)"
PL,33.654065405437215,22,28,43,"(3,3)",2.3,"(20,20)",39,11.9,"(2,2)","(2,2)","(5,5)"
SI,26.26336822613559,12,29,42,"(3,3)",2.2,"(25,25)",49,9.2,"(2,2)","(2,2)","(5,5)"
SI,27.44497852820613,10,29,42,"(3,3)",2.2,"(25,25)",45,9.2,"(2,2)","(2,2)","(5,5)"
SI,31.01094973151323,10,29,42,"(3,3)",2.2,"(25,25)",41,9.2,"(2,2)","(2,2)","(5,5)"
PL,30.156710402579375,21,29,42,"(3,3)",2.9,"(20,20)",43,11.9,"(2,2)","(2,2)","(5,5)"
SI,31.02937170037773,10,29,42,"(3,3)",2.2,"(25,25)",35,9.2,"(2,2)","(2,2)","(5,5)"
PL,31.34778237226691,15,30,42,"(3,3)",2.9,"(25,25)",49,13.9,"(2,2)","(2,2)","(6,6)"
SI,39.09340940677346,7,29,42,"(3,3)",2.2,"(25,25)",85,9.2,"(2,2)","(2,2)","(5,5)"
PL,31.40660864242756,19,30,42,"(3,3)",2.9,"(20,20)",49,13.9,"(2,2)","(2,2)","(6,6)"
SI,36.373388784840806,7,29,42,"(3,3)",2.2,"(25,25)",85,9.2,"(2,2)","(2,2)","(5,5)"
HU,26.782077549951474,19,29,42,"(3,3)",4.7,"(35,35)",55,19,"(2,2)","(2,2)","(5,5)"
HU,28.604020052058228,17,29,42,"(3,3)",5.1,"(35,35)",43,13,"(2,2)","(2,2)","(5,5)"
HU,35.31145966709347,18,29,42,"(3,3)",1.7,"(30,30)",95,11.1,"(2,2)","(2,2)","(5,5)"
PL,34.11568087484036,18,30,42,"(3,3)",2.5,"(20,20)",43,11.9,"(2,2)","(2,2)","(5,5)"
PL,32.94359420131141,16,30,42,"(3,3)",2.5,"(20,20)",43,11.9,"(2,2)","(2,2)","(5,5)"
PL,33.572055285199994,14,30,42,"(3,3)",2.5,"(20,20)",43,11.9,"(2,2)","(2,2)","(5,5)"
PL,31.862194647832567,18,30,42,"(3,3)",2.5,"(20,20)",43,11.9,"(2,2)","(2,2)","(5,5)"
PL,33.83595992322727,18,30,42,"(3,3)",2.5,"(20,20)",43,11.9,"(2,2)","(2,2)","(5,5)"
PL,32.53432683930953,17,29,42,"(3,3)",2.5,"(20,20)",43,11.9,"(2,2)","(2,2)","(5,5)"
HU,34.4094577553594,18,29,42,"(3,3)",1.7,"(30,30)",95,11.1,"(2,2)","(2,2)","(5,5)"
HU,33.76126560821697,24,29,42,"(3,3)",1.7,"(30,30)",95,11.1,"(2,2)","(2,2)","(5,5)"
HU,33.58666725011039,18,29,42,"(3,3)",1.7,"(20,20)",95,11.1,"(2,2)","(2,2)","(5,5)"
HU,33.58410742205463,18,29,42,"(3,3)",1.7,"(20,20)",95,11.1,"(2,2)","(2,2)","(5,5)"
HU,34.20289591663637,18,29,42,"(3,3)",1.7,"(20,20)",95,11.1,"(2,2)","(2,2)","(5,5)"
HU,36.42520612485277,18,29,42,"(3,3)",1.7,"(20,20)",95,11.1,"(2,2)","(2,2)","(5,5)"
PL,35.32623626373626,21,29,42,"(3,3)",2.2,"(20,20)",43,11.9,"(2,2)","(2,2)","(5,5)"
HU,32.89591707213878,30,29,42,"(3,3)",1.7,"(20,20)",95,11.1,"(2,2)","(2,2)","(5,5)"
PL,34.27574500188608,19,28,42,"(3,3)",2.2,"(20,20)",43,11.9,"(2,2)","(2,2)","(5,5)"
PL,35.83162331540125,19,28,42,"(3,3)",2.2,"(20,20)",43,11.9,"(2,2)","(2,2)","(5,5)"
HU,32.89591707213878,25,29,42,"(3,3)",1.7,"(10,10)",95,9.1,"(2,2)","(2,2)","(5,5)"
PL,32.921278731698415,17,29,42,"(3,3)",2.7,"(20,20)",43,11.9,"(2,2)","(2,2)","(5,5)"
HU,32.79639985261287,25,29,42,"(3,3)",1.7,"(10,10)",95,9.1,"(2,2)","(2,2)","(5,5)"
PL,33.05555555555556,19,28,44,"(3,3)",2.9,"(20,20)",33,9.1,"(2,2)","(2,2)","(5,5)"
HU,35.469769906316586,25,29,42,"(3,3)",1.7,"(10,10)",95,9.1,"(2,2)","(2,2)","(5,5)"
HU,33.81960428350677,29,29,42,"(3,3)",1.7,"(10,10)",95,9.1,"(2,2)","(2,2)","(5,5)"
HU,35.67713096624216,19,29,42,"(3,3)",1.7,"(10,10)",77,11.1,"(2,2)","(2,2)","(5,5)"
HU,35.67713096624216,19,29,42,"(3,3)",1.7,"(10,10)",77,11.1,"(2,2)","(2,2)","(5,5)"
PL,34.074952531136354,19,28,43,"(3,3)",2.2,"(20,20)",33,9.1,"(2,2)","(2,2)","(5,5)"
HU,33.014997444277505,16,29,42,"(3,3)",2.3,"(20,20)",77,11.1,"(2,2)","(2,2)","(5,5)"
PL,33.231025854879064,19,29,42,"(3,3)",2.2,"(20,20)",33,9.1,"(2,2)","(2,2)","(5,5)"
HU,31.57549688893367,16,29,42,"(3,3)",2.3,"(20,20)",77,11.1,"(2,2)","(2,2)","(5,5)"
PL,33.85396118358256,16,29,42,"(3,3)",2.2,"(20,20)",33,9.1,"(2,2)","(2,2)","(5,5)"
HU,31.962894137393597,19,29,42,"(3,3)",2.3,"(20,20)",77,11.1,"(2,2)","(2,2)","(5,5)"
HU,33.58520721743638,25,29,42,"(3,3)",2.3,"(20,20)",77,11.1,"(2,2)","(2,2)","(5,5)"
PL,35.61895802039687,11,31,40,"(3,3)",2.2,"(20,19)",33,20.1,"(2,2)","(2,2)","(5,5)"
PL,34.030689846337545,15,30,42,"(3,3)",2.9,"(25,25)",43,12.9,"(2,2)","(2,2)","(6,6)"
PL,32.03893593181735,19,30,44,"(3,3)",3.5,"(25,25)",43,12.9,"(2,2)","(2,2)","(6,6)"
PL,31.523588337344005,14,29,42,"(3,3)",2.5,"(20,20)",33,9.1,"(2,2)","(2,2)","(5,5)"
PL,35.305595745512846,20,31,47,"(3,3)",2.9,"(25,25)",43,12.9,"(2,2)","(2,2)","(6,6)"
HU,35.13763034568627,29,29,42,"(3,3)",2.3,"(20,20)",41,9.1,"(2,2)","(2,2)","(5,5)"
PL,34.91883915395967,21,30,44,"(3,3)",2.9,"(25,25)",43,12.9,"(2,2)","(2,2)","(6,6)"
PL,32.42559999444128,18,30,44,"(3,3)",2.9,"(25,25)",43,12.9,"(2,2)","(2,2)","(6,6)"
PL,33.54111405835544,22,30,44,"(3,3)",2.9,"(25,25)",43,12.9,"(2,2)","(2,2)","(6,6)"
PL,31.583266152251525,22,30,44,"(3,3)",2.9,"(25,25)",43,12.9,"(2,2)","(2,2)","(6,6)"
HU,30.059747745643524,29,29,42,"(3,3)",2.3,"(20,20)",41,9.1,"(2,2)","(2,2)","(5,5)"
PL,32.84923852848101,23,29,42,"(3,3)",2.9,"(20,20)",43,11.9,"(2,2)","(2,2)","(5,5)"
PL,31.331986191799277,22,29,42,"(3,3)",2.5,"(20,20)",43,11.9,"(2,2)","(2,2)","(5,5)"
HU,32.545634005024866,22,29,42,"(3,3)",2.3,"(20,20)",41,9.1,"(2,2)","(2,2)","(5,5)"
HU,32.56346300006909,22,29,42,"(3,3)",2.3,"(20,20)",41,9.1,"(2,2)","(2,2)","(5,5)"
HU,36.44090044272072,22,29,42,"(3,3)",2.3,"(20,20)",41,9.1,"(2,2)","(2,2)","(5,5)"
HU,32.401715745126715,15,29,42,"(3,3)",2.3,"(20,20)",41,9.1,"(2,2)","(2,2)","(5,5)"
HU,35.927781827016524,15,29,42,"(3,3)",2.3,"(20,20)",41,9.1,"(2,2)","(2,2)","(5,5)"
PL,31.648324289818067,12,30,42,"(3,3)",2.2,"(20,20)",33,9.1,"(2,2)","(2,2)","(6,5)"
HU,32.50708774865217,15,29,42,"(3,3)",2.3,"(20,20)",41,9.1,"(2,2)","(2,2)","(5,5)"
HU,33.50615137857188,13,29,42,"(3,3)",2.3,"(20,20)",55,17,"(2,2)","(2,2)","(5,5)"
HU,32.93405546501768,9,29,42,"(3,3)",2.3,"(20,20)",33,10.1,"(2,2)","(2,2)","(5,5)"
HU,34.03668310727497,10,29,42,"(3,3)",2.2,"(20,20)",51,10.1,"(2,2)","(2,2)","(5,5)"
HR,34.23257095618628,15,29,42,"(3,3)",0.2,"(25,25)",95,9.1,"(2,2)","(2,2)","(5,5)"
HR,25.411762053794508,11,29,42,"(3,3)",2.2,"(20,20)",33,9.1,"(2,2)","(2,2)","(5,5)"
HR,34.20281359906213,15,29,42,"(3,3)",0.2,"(25,25)",95,9.1,"(2,2)","(2,2)","(5,5)"
HR,27.247151040096472,13,29,42,"(3,3)",2.2,"(20,20)",59,13.1,"(2,2)","(2,2)","(5,5)"
HR,33.387888707037646,12,29,42,"(3,3)",2.2,"(20,20)",45,11.1,"(2,2)","(2,2)","(5,5)"
HR,25.62266626299324,13,29,42,"(3,3)",2.2,"(20,20)",33,9.1,"(2,2)","(2,2)","(5,5)"
HR,27.706517103921385,13,29,42,"(3,3)",2.2,"(20,20)",59,13.1,"(2,2)","(2,2)","(5,5)"
HR,30.279197058858077,5,29,43,"(3,3)",2.3,"(30,30)",55,11.1,"(2,2)","(2,2)","(5,5)"
HR,27.031015108632666,13,29,42,"(3,3)",2.2,"(20,20)",39,11.1,"(2,2)","(2,2)","(5,5)"
RO,32.79465689846956,11,29,42,"(3,3)",2.2,"(20,20)",39,9.1,"(2,2)","(3,3)","(5,5)"
RO,32.42401518524594,9,29,42,"(3,3)",2.2,"(20,20)",33,9.1,"(2,2)","(2,2)","(5,5)"
RO,34.13762258150013,11,29,42,"(3,3)",2.2,"(20,20)",33,9.1,"(2,2)","(2,2)","(5,5)"
RO,31.782930144060884,9,29,42,"(3,3)",2.2,"(20,20)",33,9.1,"(2,2)","(2,2)","(5,5)"
RO,28.98451534796532,9,29,42,"(3,3)",2.2,"(20,20)",33,9.1,"(2,2)","(2,2)","(5,5)"
RO,29.09893043137401,7,29,42,"(3,3)",2.2,"(20,20)",33,9.1,"(2,2)","(2,2)","(5,5)"
RO,29.435817649013625,7,29,42,"(3,3)",2.2,"(20,20)",33,9.1,"(2,2)","(2,2)","(5,5)"
RO,28.871442535006366,9,29,42,"(3,3)",2.2,"(20,20)",33,9.1,"(2,2)","(2,2)","(5,5)"
RO,34.12018546573016,14,29,42,"(3,3)",4.9,"(5,5)",73,15.2,"(2,2)","(2,2)","(5,5)"
RO,35.40038477734295,7,29,42,"(3,3)",2.2,"(20,20)",33,9.1,"(2,2)","(2,2)","(5,5)"
RO,37.23340187188908,12,29,42,"(3,3)",2.2,"(20,20)",33,9.1,"(2,2)","(2,2)","(5,5)"
RO,37.28116300649552,9,29,42,"(3,3)",2.2,"(20,20)",33,9.1,"(2,2)","(2,2)","(5,5)"
RO,42.51691095612918,13,29,42,"(3,3)",2.3,"(5,5)",53,14.2,"(2,2)","(2,2)","(5,5)"
RO,36.611042944785275,14,29,42,"(3,3)",2.2,"(20,20)",33,9.1,"(2,2)","(2,2)","(5,5)"
RO,40.50566343042071,14,29,42,"(3,3)",2.9,"(5,5)",37,11.2,"(2,2)","(2,2)","(5,5)"
RO,41.7745702820866,10,29,42,"(3,3)",1.7,"(5,5)",53,11.2,"(2,2)","(2,2)","(5,5)"
RO,37.11741596221166,13,29,42,"(3,3)",2.9,"(5,5)",53,11.2,"(2,2)","(2,2)","(5,5)"
RO,40.89956531686113,12,29,42,"(3,3)",2.9,"(5,5)",53,11.2,"(2,2)","(2,2)","(5,5)"
RO,41.36253742303565,11,29,42,"(3,3)",2.9,"(5,5)",37,11.2,"(2,2)","(2,2)","(5,5)"
RO,32.476648782747745,8,34,42,"(3,3)",2.9,"(25,25)",33,9.1,"(2,2)","(2,2)","(5,5)"
RO,37.45092351408951,10,34,42,"(3,3)",2.9,"(25,25)",33,9.1,"(2,2)","(2,2)","(5,5)"
RO,40.61121225101735,11,29,42,"(3,3)",2.9,"(5,5)",37,11.2,"(2,2)","(2,2)","(5,5)"
RO,36.77267113926334,12,34,42,"(3,3)",2.9,"(25,25)",33,9.1,"(2,2)","(2,2)","(5,5)"
RO,39.68751666400043,11,29,42,"(3,3)",2.9,"(5,5)",37,11.2,"(2,2)","(2,2)","(5,5)"
RO,42.18316726031026,13,29,42,"(3,3)",2.9,"(5,5)",33,11.2,"(2,2)","(2,2)","(5,5)"
RO,39.80445566480645,13,29,42,"(3,3)",2.9,"(5,5)",33,11.2,"(2,2)","(2,2)","(5,5)"
RO,40.303175515941476,13,29,42,"(3,3)",2.9,"(5,5)",33,11.2,"(2,2)","(2,2)","(5,5)"
RO,40.794619470314316,13,29,42,"(3,3)",2.9,"(5,5)",33,11.2,"(2,2)","(2,2)","(5,5)"
RO,42.899564320110066,13,29,42,"(3,3)",2.9,"(5,5)",33,11.2,"(2,2)","(2,2)","(5,5)"
RO,38.02783517685669,11,29,42,"(3,3)",5.0,"(35,35)",55,15.2,"(2,2)","(2,2)","(5,5)"
RO,38.7025807595947,12,29,43,"(3,3)",2.2,"(20,20)",39,9.1,"(2,2)","(3,3)","(5,5)"
RO,37.23069733952027,7,29,43,"(3,3)",2.2,"(20,20)",39,9.1,"(2,2)","(3,3)","(5,5)"
RO,34.86722571628232,7,29,43,"(3,3)",2.2,"(20,20)",39,9.1,"(2,2)","(3,3)","(5,5)"
RO,30.951645575470028,13,29,43,"(3,3)",2.2,"(20,20)",39,9.1,"(2,2)","(3,3)","(5,5)"
RO,36.713734773717434,12,29,42,"(3,3)",5.0,"(30,30)",87,19.2,"(2,2)","(2,2)","(5,5)"
RO,35.50423792513476,9,29,42,"(3,3)",5.0,"(30,30)",87,21.2,"(2,2)","(2,2)","(5,5)"
RO,34.72345302615464,11,29,42,"(3,3)",5.0,"(30,30)",87,21.2,"(2,2)","(2,2)","(5,5)"
RO,29.18946348664483,10,29,42,"(3,3)",2.2,"(20,20)",33,9.1,"(2,2)","(2,2)","(5,5)"
RO,32.72128366326037,10,29,42,"(3,3)",2.2,"(20,20)",33,9.1,"(2,2)","(2,2)","(5,5)"
RO,36.27770897832817,10,29,42,"(3,3)",5.0,"(30,30)",87,21.2,"(2,2)","(2,2)","(5,5)"
RO,35.47943537162476,8,21,26,"(3,3)",2.4,"(24,24)",11,4.9,"(3,3)","(2,2)","(5,6)"
RO,35.22319982726978,8,21,26,"(3,3)",2.4,"(24,24)",11,4.9,"(3,3)","(2,2)","(5,6)"
RO,38.267460233856525,11,29,42,"(3,3)",2.7,"(30,30)",55,21.2,"(2,2)","(2,2)","(5,5)"
RO,44.466786714685874,19,21,26,"(3,3)",2.4,"(24,24)",11,4.9,"(3,3)","(2,2)","(5,6)"
RO,39.429529612444455,10,29,42,"(3,3)",2.7,"(30,30)",55,23.2,"(2,2)","(2,2)","(5,5)"
RO,44.57553628480146,14,19,26,"(3,3)",2.4,"(24,24)",11,4.9,"(3,3)","(2,2)","(5,6)"
RO,34.83657941871491,12,19,26,"(3,3)",2.4,"(24,24)",11,4.9,"(3,3)","(2,2)","(5,6)"
RO,39.59813971580898,10,29,42,"(3,3)",2.7,"(30,30)",55,23.2,"(2,2)","(2,2)","(5,5)"
RO,38.054312077471224,12,29,42,"(3,3)",2.9,"(30,30)",55,21.2,"(2,2)","(2,2)","(5,5)"
RO,38.13480225025571,12,29,42,"(3,3)",2.9,"(30,30)",55,21.2,"(2,2)","(2,2)","(5,5)"
RO,32.50639724231274,10,31,45,"(3,3)",2.9,"(20,20)",43,11.9,"(2,2)","(3,3)","(6,6)"
RO,33.745132398753896,10,29,42,"(3,3)",2.9,"(20,20)",43,11.9,"(2,2)","(3,3)","(6,6)"
RO,32.5861717352415,9,29,42,"(3,3)",2.9,"(30,30)",55,17.2,"(2,2)","(2,2)","(5,5)"
RO,35.36062983545821,11,29,42,"(3,3)",2.9,"(20,20)",43,11.9,"(2,2)","(3,3)","(6,6)"
RO,30.6237552646185,9,29,42,"(3,3)",2.9,"(30,30)",55,11.2,"(2,2)","(2,2)","(5,5)"
RO,30.576737636416514,9,29,42,"(3,3)",2.9,"(30,30)",55,11.2,"(2,2)","(2,2)","(5,5)"
RO,37.77585985763451,13,29,42,"(3,3)",2.9,"(30,30)",55,11.2,"(2,2)","(2,2)","(5,5)"
RO,36.0538967611336,10,29,42,"(3,3)",2.9,"(5,5)",33,11.2,"(2,2)","(2,2)","(5,5)"
RO,33.06341209795977,9,30,43,"(3,3)",2.9,"(25,25)",49,11.9,"(3,3)","(3,3)","(6,6)"
RO,36.78571683870414,9,29,42,"(3,3)",2.9,"(5,5)",33,11.2,"(2,2)","(2,2)","(5,5)"
RO,37.41631512339169,9,29,42,"(3,3)",2.9,"(5,5)",33,11.2,"(2,2)","(2,2)","(5,5)"
RO,39.284475232055875,16,29,43,"(3,3)",2.9,"(25,25)",49,11.9,"(3,3)","(3,3)","(6,6)"
RO,36.3768706527085,9,29,42,"(3,3)",2.9,"(5,5)",33,11.2,"(2,2)","(2,2)","(5,5)"
RO,41.86329451826248,13,29,42,"(3,3)",2.9,"(5,5)",33,11.2,"(2,2)","(2,2)","(5,5)"
RO,38.671875,9,29,42,"(3,3)",2.9,"(5,5)",79,15.2,"(2,2)","(2,2)","(5,5)"
RO,41.07941693892938,13,29,42,"(3,3)",2.9,"(5,5)",79,27.2,"(2,2)","(2,2)","(5,5)"
RO,40.273951570450954,12,29,42,"(3,3)",2.9,"(5,5)",59,27.2,"(2,2)","(2,2)","(5,5)"
RO,37.55802155992391,7,29,42,"(3,3)",2.9,"(5,5)",77,27.2,"(2,2)","(2,2)","(5,5)"
RO,37.26902317705577,7,29,42,"(3,3)",2.9,"(5,5)",77,27.2,"(2,2)","(2,2)","(5,5)"
RO,38.930397850394385,10,29,42,"(3,3)",2.9,"(5,5)",77,31.2,"(2,2)","(2,2)","(5,5)"
RO,38.613376038217254,11,29,42,"(3,3)",2.9,"(5,5)",77,31.2,"(2,2)","(2,2)","(5,5)"
RO,38.36156730893573,9,29,42,"(3,3)",2.9,"(5,5)",77,31.2,"(2,2)","(2,2)","(5,5)"
RO,38.705824175824176,9,29,42,"(3,3)",2.9,"(5,5)",77,31.2,"(2,2)","(2,2)","(5,5)"
RO,39.804303095365896,9,29,42,"(3,3)",2.9,"(5,5)",77,31.2,"(2,2)","(2,2)","(5,5)"
RO,35.18504672897196,9,29,42,"(3,3)",2.9,"(5,5)",77,31.2,"(2,2)","(2,2)","(5,5)"
RO,35.18504672897196,10,29,42,"(3,3)",2.9,"(5,5)",59,17.2,"(2,2)","(2,2)","(5,5)"
RO,37.50671171478625,10,29,42,"(3,3)",2.9,"(5,5)",59,13.2,"(2,2)","(2,2)","(5,5)"
RO,37.82836078480041,10,29,42,"(3,3)",2.9,"(5,5)",59,13.2,"(2,2)","(2,2)","(5,5)"
RO,34.817972596874334,10,29,42,"(3,3)",2.9,"(5,5)",59,13.2,"(2,2)","(2,2)","(5,5)"
RO,35.24659372306887,10,29,42,"(3,3)",2.9,"(5,5)",59,13.2,"(2,2)","(2,2)","(5,5)"
RO,34.183514412674775,11,29,42,"(3,3)",2.9,"(5,5)",59,15.2,"(2,2)","(2,2)","(5,5)"
RO,39.56226429918291,11,29,42,"(3,3)",2.9,"(5,5)",59,25.2,"(2,2)","(2,2)","(5,5)"
PL,27.13975649703925,10,29,43,"(3,3)",2.9,"(25,25)",49,11.9,"(3,3)","(3,3)","(6,6)"
PL,6.993370165745855,7,29,43,"(3,3)",2.9,"(25,25)",49,11.9,"(3,3)","(3,3)","(6,6)"
PL,27.74175824175824,7,29,43,"(3,3)",2.9,"(25,25)",49,11.9,"(3,3)","(3,3)","(6,6)"
PL,25.516434701736067,6,29,43,"(3,3)",2.9,"(25,25)",49,11.9,"(3,3)","(3,3)","(6,6)"
PL,27.348441692628633,14,25,43,"(3,3)",2.9,"(25,25)",49,11.9,"(3,3)","(3,3)","(6,6)"
PL,26.14217032967033,14,25,43,"(3,3)",2.9,"(25,25)",49,11.9,"(3,3)","(3,3)","(6,6)"
PL,27.09224472662399,14,25,43,"(3,3)",2.9,"(25,25)",49,11.9,"(3,3)","(3,3)","(6,6)"
PL,27.867178696632028,13,25,43,"(3,3)",2.9,"(25,25)",49,11.9,"(3,3)","(3,3)","(6,6)"
PL,30.074512163804105,11,25,43,"(3,3)",2.9,"(25,25)",49,11.9,"(3,3)","(3,3)","(6,6)"
PL,26.409666283084004,10,25,43,"(3,3)",2.9,"(25,25)",49,11.9,"(3,3)","(3,3)","(6,6)"
PL,35.014284263185964,13,25,43,"(3,3)",2.9,"(25,25)",49,11.9,"(3,3)","(3,3)","(6,6)"
PL,36.16586538461539,13,25,43,"(3,3)",2.9,"(25,25)",49,11.9,"(3,3)","(3,3)","(6,6)"
PL,31.245978120978123,12,25,43,"(3,3)",2.9,"(25,25)",49,11.9,"(3,3)","(3,3)","(6,6)"
PL,37.52396668238252,13,24,43,"(3,3)",2.9,"(25,25)",49,11.9,"(3,3)","(3,3)","(6,6)"
PL,30.51728553137004,10,24,43,"(3,3)",2.9,"(25,25)",49,11.9,"(3,3)","(3,3)","(6,6)"
PL,33.542786848422736,6,26,43,"(3,3)",2.9,"(25,25)",47,11.9,"(3,3)","(3,3)","(6,6)"
PL,34.66535498901981,8,26,43,"(3,3)",2.9,"(25,25)",47,11.9,"(3,3)","(3,3)","(6,6)"
PL,32.29559356552328,8,26,43,"(3,3)",2.9,"(25,25)",47,11.9,"(3,3)","(3,3)","(6,6)"
PL,33.403437086888594,11,26,43,"(3,3)",2.9,"(25,25)",47,11.9,"(3,3)","(3,3)","(6,6)"
PL,32.38688323564867,14,26,43,"(3,3)",2.9,"(25,25)",47,11.9,"(3,3)","(3,3)","(6,6)"
PL,39.570413436692505,14,26,43,"(3,3)",2.9,"(25,25)",47,11.9,"(3,3)","(3,3)","(6,6)"
PL,33.37393204777625,14,26,43,"(3,3)",2.9,"(25,25)",47,11.9,"(3,3)","(3,3)","(6,6)"
PL,36.91957779542539,11,26,43,"(3,3)",2.9,"(25,25)",47,11.9,"(3,3)","(3,3)","(6,6)"
PL,36.16330611035884,11,26,43,"(3,3)",2.9,"(25,25)",47,11.9,"(3,3)","(3,3)","(6,6)"
PL,33.435751675390925,9,26,43,"(3,3)",2.5,"(20,20)",45,11.9,"(2,2)","(3,3)","(6,6)"
PL,34.39150166500047,7,26,43,"(3,3)",2.9,"(20,20)",45,11.9,"(2,2)","(2,2)","(6,6)"
PL,35.61657767607424,7,26,43,"(3,3)",2.9,"(20,20)",45,11.9,"(2,2)","(2,2)","(6,6)"
